decompose_method,decompose_factor,do_finetune,quant_weight,quant_act,train_loss,train_acc,val_loss,val_acc,test_loss,test_acc,model_size,cuda_time_per_image_ns
,,False,,,0.3488294140123594,0.881163434903047,0.2815581953096258,0.9085872576177284,0.279812492678626,0.9119368796131332,44765128,106027.99058284551
,,False,int2,int8,5.225619894381706,0.1012465373961218,5.078834535144373,0.113573407202216,5.03634851814439,0.1025706286586917,3573472,187603.85747009417
,,False,int2,float8,5.266030248446477,0.1009695290858725,5.0961662816869255,0.1119113573407202,5.0411162120326845,0.1000254517688979,3573472,169114.4250445406
,,False,int2,dynamic,5.251833791019513,0.1013850415512465,5.072034773073699,0.1108033240997229,5.025317348636541,0.1051158055484856,3573472,87735.24840926444
,,False,int4,int8,0.8593358802663322,0.7096952908587257,0.6027944484493409,0.804432132963989,0.6139304393740761,0.7984219903283278,6366480,171592.41079155
,,False,int4,float8,0.8251113028407427,0.7160664819944599,0.6014730940895398,0.8038781163434903,0.6092027790577061,0.8027487910409773,6366480,161181.5153983202
,,False,int4,dynamic,0.864507198630938,0.7078947368421052,0.6059997240427129,0.8005540166204986,0.6130079176588864,0.8032578264189361,6366480,79321.47314838381
,,False,int8,int8,0.3685077755404972,0.8729916897506925,0.2888818355313298,0.9024930747922436,0.2850165158495037,0.9088826673453804,11268440,132220.376431662
,,False,int8,float8,0.3543574663740776,0.878808864265928,0.2866541936952321,0.9058171745152356,0.2811463044140441,0.909900738101298,11268440,136801.38915754645
,,False,int8,dynamic,0.3533627004504534,0.881163434903047,0.2833717291209836,0.9074792243767312,0.2800969666907823,0.9121913973021124,11268440,66695.39017561721
,,False,float8,int8,0.3804264990906966,0.874792243767313,0.3013581599885407,0.900831024930748,0.295938366712596,0.9076100789004836,11268440,146405.2491728175
,,False,float8,float8,0.384603039676793,0.868836565096953,0.2999457490411161,0.9058171745152356,0.2953901824741213,0.9055739373886486,11268440,158387.16950878085
,,False,float8,dynamic,0.362163591054668,0.881994459833795,0.297553636146054,0.9002770083102493,0.2939963104365951,0.9063374904555866,11268440,71615.8684143548
tucker,0.1,False,,,2.332748636446501,0.0972299168975069,2.3350948139571086,0.096398891966759,2.3289819557450144,0.1028251463476711,2041176,72892.76686179689
tucker,0.1,True,,,1.1696531451640038,0.5951523545706371,1.0776578573969262,0.6310249307479224,1.0580775143081342,0.6352761516925426,2041176,38883.81089335709
tucker,0.1,True,int2,int8,154545.74935076176,0.1044321329639889,158182.6978704986,0.1047091412742382,157954.89809748027,0.1035886994146093,253954,283150.9837108679
tucker,0.1,True,int2,float8,151348.67609937672,0.1044321329639889,154608.9314317867,0.1047091412742382,154329.30321408118,0.1035886994146093,253954,275105.6785441588
tucker,0.1,True,int2,dynamic,153232.82543282548,0.1044321329639889,156924.50618074794,0.1047091412742382,156755.21603381904,0.1035886994146093,253954,156221.61313311275
tucker,0.1,True,int4,int8,5.528520707212326,0.096398891966759,5.478900417528655,0.0925207756232687,5.531563422491181,0.0900992618987019,375893,312092.85823364725
tucker,0.1,True,int4,float8,5.41175870446287,0.0948753462603878,5.360520322963471,0.0914127423822714,5.402694918357498,0.0926444387884958,375893,284533.61262407736
tucker,0.1,True,int4,dynamic,5.471621599487981,0.0990304709141274,5.433158483135403,0.0936288088642659,5.464535570168926,0.0903537795876813,375893,192604.0509035378
tucker,0.1,True,int8,int8,1.217962545106946,0.5801939058171746,1.1321454964186015,0.6160664819944598,1.1249266856801088,0.6133876304403156,590328,236652.16798167472
tucker,0.1,True,int8,float8,1.1984645856054206,0.5871191135734072,1.116546898535414,0.6265927977839335,1.095672646015465,0.6192415372868414,590328,245583.12115041996
tucker,0.1,True,int8,dynamic,1.164883856429948,0.5981994459833795,1.0947658928147312,0.6332409972299169,1.071791084888601,0.6306948332909137,590328,160121.61338763044
tucker,0.1,True,float8,int8,1.3372219800949097,0.5466759002770083,1.2193337511818163,0.5905817174515235,1.2209674664871415,0.5836090608297276,590328,252013.1639093917
tucker,0.1,True,float8,float8,1.267806773172521,0.5689750692520775,1.1648027631384514,0.5988919667590028,1.1601987649357388,0.5976075337235938,590328,243417.12878595063
tucker,0.1,True,float8,dynamic,1.2648810183902857,0.563573407202216,1.1538771063337034,0.6116343490304709,1.149961400013839,0.6032069228811402,590328,161016.07330109444
tucker,0.1,False,int2,int8,8.8298799879333,0.1044321329639889,9.029875727307433,0.1041551246537396,8.952534524500598,0.1038432171035887,253954,321317.5080173072
tucker,0.1,False,int2,float8,8.709007121585413,0.1044321329639889,8.921750368503982,0.1041551246537396,8.842325974524128,0.1038432171035887,253954,279406.4769661492
tucker,0.1,False,int2,dynamic,8.805376514107236,0.1044321329639889,8.980784196140362,0.1041551246537396,8.897656112628663,0.1038432171035887,253954,294520.4380249427
tucker,0.1,False,int4,int8,2.336791436758068,0.1020775623268698,2.337748091901108,0.1019390581717451,2.3296509060309902,0.1091880885721557,375893,349583.96513107663
tucker,0.1,False,int4,float8,2.3371693550384607,0.1019390581717451,2.3383263185083702,0.1019390581717451,2.3301323323675804,0.1091880885721557,375893,314073.6818528888
tucker,0.1,False,int4,dynamic,2.337263966927568,0.1019390581717451,2.3382532620363947,0.1019390581717451,2.330103167324886,0.1091880885721557,375893,292655.1280223976
tucker,0.1,False,int8,int8,2.3331157618282243,0.0976454293628808,2.3353895801586457,0.0903047091412742,2.329277837813492,0.0974802748791041,590328,272004.2224484602
tucker,0.1,False,int8,float8,2.332960473005131,0.0944598337950138,2.336667899345757,0.0930747922437673,2.3301574825846108,0.0984983456350216,590328,238097.5220157801
tucker,0.1,False,int8,dynamic,2.331900465059148,0.0970914127423822,2.335302941885021,0.1008310249307479,2.329024458453381,0.1071519470603206,590328,192992.76329854925
tucker,0.1,False,float8,int8,2.3332215202151905,0.089196675900277,2.3353634305938127,0.0825484764542936,2.3297305704831897,0.0857724611860524,590328,281822.32552812423
tucker,0.1,False,float8,float8,2.334154142105018,0.0916897506925207,2.335944694693399,0.0808864265927977,2.3299820479560243,0.0916263680325782,590328,239400.12853143294
tucker,0.1,False,float8,dynamic,2.3329726821497867,0.0941828254847645,2.335032765290744,0.0836565096952908,2.329465496961808,0.0944260626113514,590328,228987.60829727666
tucker,0.2,False,,,2.513663404073742,0.1049861495844875,2.518134728957411,0.1052631578947368,2.510706933529573,0.102061593280733,4001948,70126.56833799949
tucker,0.2,True,,,0.7407750536530302,0.7444598337950139,0.7627478661299413,0.7457063711911357,0.764790130180389,0.7487910409773479,4001948,55432.94986001527
tucker,0.2,True,int2,int8,10973.36484050381,0.1044321329639889,11088.63546463816,0.1047091412742382,10904.7077266997,0.1061338763044031,385753,332680.9613133113
tucker,0.2,True,int2,float8,10613.824767356302,0.1049861495844875,10782.00152138158,0.1030470914127423,10593.6629276096,0.1114787477729702,385753,338934.2165945533
tucker,0.2,True,int2,dynamic,10844.703983076524,0.1088642659279778,10985.786481237015,0.1058171745152354,10797.28580546895,0.1079155001272588,385753,204334.6029524052
tucker,0.2,True,int4,int8,1.7651927156131353,0.3797783933518006,1.7054562820952357,0.4066481994459834,1.6811768331124783,0.4125731738355815,630518,315874.4342071774
tucker,0.2,True,int4,float8,1.785231872806919,0.3843490304709141,1.7226567090713416,0.4044321329639889,1.6843371919834391,0.4199541868159837,630518,311667.3285823365
tucker,0.2,True,int4,dynamic,1.7610803852451145,0.3815789473684211,1.7002925563717153,0.4127423822714681,1.6728967974646518,0.4291168236192415,630518,235811.56604734028
tucker,0.2,True,int8,int8,0.7695631617654394,0.7310249307479224,0.7763921134689838,0.7407202216066482,0.7881690496159255,0.7429371341308221,1083113,303497.121913973
tucker,0.2,True,int8,float8,0.7850121829978647,0.72202216066482,0.8006770539812104,0.7351800554016621,0.7931427452727473,0.7386103334181726,1083113,286612.3339272079
tucker,0.2,True,int8,dynamic,0.7725564100735736,0.7379501385041551,0.7622116957014617,0.7462603878116344,0.7726998633329848,0.747518452532451,1083113,168124.09417154492
tucker,0.2,True,float8,int8,0.8505319993581798,0.7033240997229917,0.8164685209702257,0.7418282548476455,0.8199645920727022,0.7271570374141003,1083113,274304.6141511835
tucker,0.2,True,float8,float8,0.8948318830487471,0.6916897506925208,0.8689235194568159,0.7135734072022161,0.8505007804395831,0.7233392720794095,1083113,262195.4899465513
tucker,0.2,True,float8,dynamic,0.8293450549368713,0.7092797783933518,0.8035056686137192,0.7440443213296399,0.8046645318226949,0.734283532705523,1083113,273317.0621023161
tucker,0.2,False,int2,int8,429.6270991359721,0.1042936288088642,433.9226143031239,0.1041551246537396,428.20857494700863,0.104097734792568,385753,323820.8755408501
tucker,0.2,False,int2,float8,419.1598695200236,0.1042936288088642,423.278955974209,0.1041551246537396,417.4640109906156,0.104097734792568,385753,299182.9378976839
tucker,0.2,False,int2,dynamic,427.4809096233336,0.1042936288088642,431.4961940437803,0.1041551246537396,425.4908688672173,0.104097734792568,385753,257418.37821328582
tucker,0.2,False,int4,int8,2.496140071229591,0.1051246537396121,2.508957084988623,0.1052631578947368,2.5103306968754016,0.102061593280733,630518,338716.2125222703
tucker,0.2,False,int4,float8,2.497904082348472,0.1051246537396121,2.506514878022043,0.1052631578947368,2.508518159222621,0.102061593280733,630518,307067.1109697124
tucker,0.2,False,int4,dynamic,2.4947880229791446,0.1051246537396121,2.5071544812326616,0.1052631578947368,2.5075742947779167,0.102061593280733,630518,183549.43344362432
tucker,0.2,False,int8,int8,2.5169466523252364,0.1051246537396121,2.5221138164277224,0.1052631578947368,2.514998224316192,0.1018070755917536,1083113,258033.99618223467
tucker,0.2,False,int8,float8,2.51155720562816,0.1049861495844875,2.516828567499599,0.1052631578947368,2.511553215537553,0.102061593280733,1083113,274990.97123950114
tucker,0.2,False,int8,dynamic,2.516049949614295,0.1049861495844875,2.5220169364580487,0.1052631578947368,2.515104122943446,0.102061593280733,1083113,138970.63680325783
tucker,0.2,False,float8,int8,2.481447641869331,0.1051246537396121,2.4888731809864413,0.1052631578947368,2.4837498868139805,0.102061593280733,1083113,270347.4896920336
tucker,0.2,False,float8,float8,2.4801272890244164,0.1051246537396121,2.486338431683273,0.1052631578947368,2.4806128275791903,0.102061593280733,1083113,262253.8058030033
tucker,0.2,False,float8,dynamic,2.4823214446408595,0.1049861495844875,2.488394556679554,0.1052631578947368,2.482521435236864,0.102061593280733,1083113,164665.3374904556
tucker,0.3,False,,,2.3958199164213565,0.1156509695290858,2.399397335422336,0.106371191135734,2.385306222106883,0.1147874777297022,6619552,66804.09417154492
tucker,0.3,True,,,0.5998086830255398,0.7933518005540167,0.6212853365987953,0.7966759002770083,0.620488429970643,0.7989310257062866,6619552,50005.859760753374
tucker,0.3,True,int2,int8,71775.38373874653,0.0905817174515235,72683.1768936115,0.0952908587257617,71394.54925712649,0.088826673453805,563144,332042.4232629168
tucker,0.3,True,int2,float8,68940.70710915858,0.092382271468144,70221.0319598338,0.099168975069252,68710.32041788624,0.0895902265207432,563144,354056.0394502418
tucker,0.3,True,int2,dynamic,70826.02506059557,0.0872576177285318,71456.59423043628,0.096398891966759,70192.16072990901,0.0908628149656401,563144,216298.59989819292
tucker,0.3,True,int4,int8,2.8683011638821,0.2498614958448753,2.868715597718046,0.2770083102493075,2.8437576935351365,0.2898956477475184,969237,350924.981165691
tucker,0.3,True,int4,float8,2.9435172104769465,0.2361495844875346,2.9417543308226355,0.2631578947368421,2.905201759311679,0.2799694578773224,969237,327627.5960804276
tucker,0.3,True,int4,dynamic,2.8766379366951305,0.2501385041551247,2.9121824457374634,0.2764542936288088,2.871789465608352,0.292949860015271,969237,168436.04021379485
tucker,0.3,True,int8,int8,0.6517171305962877,0.7746537396121884,0.6507293500728555,0.7911357340720222,0.6419413254351433,0.7862051412573173,1740090,283108.1893611606
tucker,0.3,True,int8,float8,0.6831388434875044,0.7666204986149584,0.6876692700253959,0.7817174515235457,0.6655984434895795,0.7811147874777297,1740090,265232.8144566047
tucker,0.3,True,int8,dynamic,0.608504904009959,0.7922437673130194,0.6351453938972917,0.7889196675900277,0.6263676883914022,0.7956222957495546,1740090,160492.7826418936
tucker,0.3,True,float8,int8,0.67013060452205,0.7668975069252078,0.6568335035831314,0.7839335180055401,0.6708577563211068,0.7806057520997709,1740090,306253.756172054
tucker,0.3,True,float8,float8,0.6942733178838798,0.7638504155124654,0.6812377410252008,0.7795013850415512,0.6634500411728558,0.7775515398320183,1740090,266041.9249172818
tucker,0.3,True,float8,dynamic,0.6516397290282633,0.7729916897506925,0.6474278372410592,0.7889196675900277,0.6580119053199109,0.7816238228556884,1740090,142231.95749554594
tucker,0.3,False,int2,int8,7285.71560308821,0.1036011080332409,7231.872239925987,0.1036011080332409,7225.779928587265,0.1038432171035887,563144,330607.2420463222
tucker,0.3,False,int2,float8,6855.152822833708,0.1042936288088642,6877.162351486755,0.1036011080332409,6846.77358265462,0.1043522524815474,563144,307224.42708068213
tucker,0.3,False,int2,dynamic,7036.027729505713,0.1041551246537396,7052.388924266361,0.1041551246537396,7004.961599643675,0.1043522524815474,563144,167195.0048358361
tucker,0.3,False,int4,int8,2.3566739055918853,0.1227146814404432,2.376417313652356,0.1218836565096952,2.3594430587042314,0.1379485874268261,969237,324916.0442860779
tucker,0.3,False,int4,float8,2.3550230429113075,0.1274238227146814,2.3745555424624203,0.1290858725761773,2.359730251389443,0.1394756935607024,969237,307757.69127004326
tucker,0.3,False,int4,dynamic,2.3525007704948786,0.1277008310249307,2.373676491047867,0.1224376731301939,2.3572800542356163,0.1369305166709086,969237,165047.0575209977
tucker,0.3,False,int8,int8,2.4002370210895907,0.1162049861495845,2.3996511670691154,0.1157894736842105,2.383305995571732,0.1155510307966403,1740090,274541.6821074065
tucker,0.3,False,int8,float8,2.398824868373924,0.1137119113573407,2.4011174223099387,0.1113573407202216,2.3846008639264027,0.117332654619496,1740090,262945.8521252227
tucker,0.3,False,int8,dynamic,2.398621235791996,0.1142659279778393,2.3977871604243144,0.1091412742382271,2.3838511620140705,0.1165691015525579,1740090,135785.8679053194
tucker,0.3,False,float8,int8,2.379736806150949,0.1149584487534626,2.382071690149915,0.1102493074792243,2.367479593221636,0.120641384576228,1740090,294015.7228302367
tucker,0.3,False,float8,float8,2.381447553502556,0.1164819944598338,2.385825525690644,0.1102493074792243,2.3706676697846314,0.1198778315092898,1740090,282308.11911427847
tucker,0.3,False,float8,dynamic,2.378788434765676,0.1184210526315789,2.3828382933238865,0.1085872576177285,2.3683850447255925,0.1201323491982692,1740090,161989.8658691779
tucker,0.4,False,,,3.101396404673188,0.1343490304709141,3.3171245391349053,0.1324099722991689,3.3164557839629305,0.1379485874268261,9981768,58924.37719521507
tucker,0.4,True,,,0.5544268479307602,0.8098337950138504,0.5323127679547445,0.8260387811634349,0.5415934077744934,0.8251463476711631,9981768,45395.35581572919
tucker,0.4,True,int2,int8,43428.37417763158,0.1040166204986149,43779.04057630713,0.1024930747922437,43720.68516186729,0.1058793586154237,779603,332946.75591753627
tucker,0.4,True,int2,float8,41814.961056527005,0.103185595567867,42557.529263331024,0.1024930747922437,42303.71184303864,0.1056248409264443,779603,312807.24510053446
tucker,0.4,True,int2,dynamic,42942.23050121191,0.1040166204986149,43622.27378808864,0.1030470914127423,43538.841935008015,0.1061338763044031,779603,157397.74446424027
tucker,0.4,True,int4,int8,2.2316239079610134,0.360387811634349,1.9445937585302335,0.4304709141274238,1.911968578907575,0.4489692033596335,1398652,314808.74420972256
tucker,0.4,True,int4,float8,2.266228882031428,0.353601108033241,1.958586101188554,0.4321329639889196,1.9498306339586255,0.4364978365996437,1398652,560343.1578125
tucker,0.4,True,int4,dynamic,2.2683791588548146,0.35,1.9890424978039605,0.4227146814404432,1.9678869382756816,0.433443624331891,1398652,170537.21640625
tucker,0.4,True,int8,int8,0.59285813375193,0.7983379501385042,0.5604240803507227,0.8099722991689751,0.5671012570200211,0.817765334690761,2583272,217315.61640625
tucker,0.4,True,int8,float8,0.6462432413880514,0.7753462603878116,0.6114551765436611,0.8038781163434903,0.6037749808976656,0.80580300330873,2583272,227845.7984375
tucker,0.4,True,int8,dynamic,0.5490491488633724,0.803601108033241,0.5376907336414686,0.8204986149584488,0.5457617898089311,0.8238737592262663,2583272,149602.60625
tucker,0.4,True,float8,int8,0.646930419672229,0.7808864265927978,0.5887642205917274,0.7977839335180056,0.5983067699351302,0.7999490964622041,2583272,205321.109375
tucker,0.4,True,float8,float8,0.6825139986841302,0.7706371191135734,0.6441512652711525,0.7839335180055401,0.6488193417435901,0.7882412827691525,2583272,227225.6625
tucker,0.4,True,float8,dynamic,0.5967843662338573,0.792382271468144,0.5618480842859791,0.8055401662049861,0.573651861093159,0.8116569101552558,2583272,154119.20078125
tucker,0.4,False,int2,int8,23330.354834660666,0.1033240997229916,23447.607044234763,0.1047091412742382,23110.42918713289,0.1030796640366505,779603,255902.04453125
tucker,0.4,False,int2,float8,22686.357338556096,0.1038781163434903,22785.80070009522,0.1047091412742382,22552.79119333999,0.102061593280733,779603,259201.6890625
tucker,0.4,False,int2,dynamic,23130.45971043975,0.1040166204986149,23180.8814469356,0.1047091412742382,22939.77839090139,0.1028251463476711,779603,173704.08125
tucker,0.4,False,int4,int8,3.728868437209618,0.1231301939058171,3.76126674430192,0.1412742382271468,3.791891203062563,0.1320946805803003,1398652,246998.553125
tucker,0.4,False,int4,float8,3.697244783385639,0.123961218836565,3.75483878180591,0.1418282548476454,3.79209518286981,0.1270043268007126,1398652,271581.49140625
tucker,0.4,False,int4,dynamic,3.618363878271256,0.1275623268698061,3.686338845778701,0.1445983379501385,3.706786605231056,0.1359124459149911,1398652,162259.7453125
tucker,0.4,False,int8,int8,3.208704271342946,0.1299168975069252,3.402109098830712,0.1290858725761773,3.405108304811392,0.1336217867141766,2583272,201390.19453125
tucker,0.4,False,int8,float8,3.2559170775796566,0.1236842105263157,3.4146882537989733,0.1340720221606648,3.42935140917519,0.1359124459149911,2583272,204936.696875
tucker,0.4,False,int8,dynamic,3.1163659522407934,0.1304709141274238,3.3252602527016086,0.1285318559556786,3.324123481418923,0.139221175871723,2583272,132607.48984375
tucker,0.4,False,float8,int8,3.224513787774168,0.1378116343490304,3.371777529333437,0.1418282548476454,3.3796274379240887,0.1519470603206923,2583272,250675.5109375
tucker,0.4,False,float8,float8,3.2821181598462554,0.1252077562326869,3.408801177333927,0.1451523545706371,3.417808303216481,0.1427844235174344,2583272,259440.1671875
tucker,0.4,False,float8,dynamic,3.1272820378934907,0.1411357340720221,3.2966617997663503,0.1479224376731301,3.306543580688997,0.1455841180962077,2583272,331761.92421875
tucker,0.5,False,,,2.7350294122405328,0.1469529085872576,2.8132546139555954,0.1390581717451523,2.8038121755264527,0.1504199541868159,14036180,113514.9546875
tucker,0.5,True,,,0.4676912002616312,0.838781163434903,0.4714072665679488,0.843213296398892,0.5051377473759815,0.8368541613642149,14036180,60830.78515625
tucker,0.5,True,int2,int8,530782.315200831,0.1059556786703601,541264.04650277,0.1036011080332409,532278.3891336854,0.1076609824382794,1047330,365623.64140625
tucker,0.5,True,int2,float8,516113.2914473684,0.1045706371191135,528671.4813711911,0.1041551246537396,519862.8973816493,0.105370323237465,1047330,414158.2125
tucker,0.5,True,int2,dynamic,529670.6656336566,0.1094182825484764,542277.6488227147,0.1019390581717451,533765.6850264062,0.1094426062611351,1047330,352497.35
tucker,0.5,True,int4,int8,3.198364311043906,0.1674515235457063,3.3984402704106804,0.178393351800554,3.3954890656635093,0.1939424790022906,1918298,355984.703125
tucker,0.5,True,int4,float8,3.2535711481300416,0.1698060941828255,3.3999501208519343,0.1822714681440443,3.4158248579753936,0.1916518198014762,1918298,391475.00859375
tucker,0.5,True,int4,dynamic,3.1978785458033765,0.1631578947368421,3.3380411817756714,0.1822714681440443,3.353638542672398,0.1824891829982183,1918298,314862.8203125
tucker,0.5,True,int8,int8,0.510145832263862,0.8290858725761773,0.5010262446390294,0.8354570637119113,0.530312915648113,0.8292186306948333,3599475,294135.6484375
tucker,0.5,True,int8,float8,0.5882929377608682,0.8033240997229917,0.5329209259672508,0.824376731301939,0.5731551766653467,0.8182743700687197,3599475,307939.97265625
tucker,0.5,True,int8,dynamic,0.4607206274432819,0.8382271468144045,0.4808474624256018,0.845983379501385,0.5118107726917402,0.8332909137185034,3599475,184229.2015625
tucker,0.5,True,float8,int8,0.5764445425730993,0.7984764542936288,0.5366139047694009,0.8232686980609418,0.5442949256905468,0.824382794604225,3599475,273743.7015625
tucker,0.5,True,float8,float8,0.6367151505398948,0.7846260387811634,0.6008016350196669,0.7988919667590028,0.5897942110839222,0.8159837108679053,3599475,304764.73046875
tucker,0.5,True,float8,dynamic,0.5153724650266758,0.8209141274238227,0.5131950838413926,0.8238227146814404,0.5281282896970058,0.8292186306948333,3599475,237520.46953125
tucker,0.5,False,int2,int8,77635.5858119806,0.1018005540166205,78622.02832409972,0.1036011080332409,77353.59498331716,0.1058793586154237,1047330,358294.59921875
tucker,0.5,False,int2,float8,76130.95918888504,0.1026315789473684,76611.42442001385,0.1069252077562326,75778.73341857025,0.1030796640366505,1047330,368173.14609375
tucker,0.5,False,int2,dynamic,78120.29410058864,0.0979224376731301,77570.00511166897,0.106371191135734,76659.01782071218,0.1048612878595062,1047330,272946.6890625
tucker,0.5,False,int4,int8,3.369195181775291,0.120775623268698,3.3266515525754468,0.1285318559556786,3.339638167405802,0.1280223975566302,1918298,453966.4734375
tucker,0.5,False,int4,float8,3.3776722900094747,0.1238227146814404,3.3204917211611846,0.1290858725761773,3.3281310773982016,0.1295495036905065,1918298,435179.621875
tucker,0.5,False,int4,dynamic,3.3288742601706383,0.1206371191135734,3.279212132451277,0.1318559556786703,3.286889347237586,0.1287859506235683,1918298,399529.125
tucker,0.5,False,int8,int8,2.878346712503407,0.1286703601108033,2.918258077087825,0.1290858725761773,2.923999256625313,0.1374395520488674,3599475,344152.7234375
tucker,0.5,False,int8,float8,2.9095546105561825,0.1290858725761773,2.9857988686442707,0.1340720221606648,2.970825483308065,0.1343853397811147,3599475,295937.1859375
tucker,0.5,False,int8,dynamic,2.755122459364069,0.1462603878116343,2.8424942621563942,0.1385041551246537,2.835371240764879,0.1463476711631458,3599475,349414.68984375
tucker,0.5,False,float8,int8,2.9914752290519653,0.1317174515235457,3.048590652434119,0.1263157894736842,3.0426750698900307,0.1298040213794858,3599475,251741.05625
tucker,0.5,False,float8,float8,3.0279271596026223,0.1225761772853185,3.0859127219033704,0.120775623268698,3.0825353421215853,0.1242046322219394,3599475,283139.37109375
tucker,0.5,False,float8,dynamic,2.8872560070492224,0.1349030470914127,2.9744040922444945,0.1274238227146814,2.964067144653639,0.1331127513362178,3599475,179774.19375
tucker,0.6,False,,,2.08602542335637,0.310387811634349,1.9174283007835748,0.3667590027700831,1.9758120765817109,0.3570883176380758,18766480,86215.0421875
tucker,0.6,True,,,0.4743972275891132,0.8408587257617729,0.4706547763043823,0.8437673130193906,0.4687075473464879,0.8523797403919572,18766480,55660.190625
tucker,0.6,True,int2,int8,789287.0378116344,0.1044321329639889,818889.1224376732,0.1041551246537396,803530.6813236452,0.102061593280733,1351664,318695.8953125
tucker,0.6,True,int2,float8,767836.1067867036,0.103185595567867,792981.4934210526,0.1036011080332409,779689.4830600822,0.1038432171035887,1351664,342181.66953125
tucker,0.6,True,int2,dynamic,784466.0858725762,0.1036011080332409,812483.5717105264,0.1030470914127423,798244.2098856261,0.1030796640366505,1351664,210745.88203125
tucker,0.6,True,int4,int8,5.838370644154641,0.1484764542936288,5.083205449217905,0.1806094182825484,5.093568268365974,0.1791804530414864,2519296,256750.01640625
tucker,0.6,True,int4,float8,5.9636175911182185,0.1421052631578947,5.184227307549474,0.1673130193905817,5.179843485582934,0.1720539577500636,2519296,287759.6484375
tucker,0.6,True,int4,dynamic,5.765368047381372,0.1480609418282548,5.0755594898128775,0.1789473684210526,5.098850317115424,0.1791804530414864,2519296,211824.83515625
tucker,0.6,True,int8,int8,0.5262578130098591,0.8218836565096953,0.4892538410639829,0.8404432132963989,0.4903803361329937,0.8480529396793077,4784618,249396.40703125
tucker,0.6,True,int8,float8,0.5888442440046168,0.8016620498614958,0.5282692706816084,0.8254847645429363,0.5259702619507465,0.8332909137185034,4784618,252113.4421875
tucker,0.6,True,int8,dynamic,0.4786942184796954,0.8354570637119113,0.4778326894437837,0.8421052631578947,0.4743372782871419,0.846271315856452,4784618,124601.37890625
tucker,0.6,True,float8,int8,0.5911899668688259,0.7934903047091413,0.5430766450070939,0.824376731301939,0.5334521519087992,0.8294731483838127,4784618,281054.60234375
tucker,0.6,True,float8,float8,0.6680348654863246,0.7704986149584487,0.5970854198173142,0.8055401662049861,0.5682099287474722,0.8226011707813693,4784618,238901.0640625
tucker,0.6,True,float8,dynamic,0.5314060843552249,0.8117728531855956,0.5191701349789416,0.8277008310249307,0.5079224170255552,0.8388903028760499,4784618,136241.74296875
tucker,0.6,False,int2,int8,2733510.9127423824,0.1051246537396121,2747713.9084487534,0.1052631578947368,2713088.4356070245,0.102061593280733,1351664,305075.3890625
tucker,0.6,False,int2,float8,2592865.614265928,0.1051246537396121,2606651.765096953,0.1052631578947368,2568393.278283278,0.102061593280733,1351664,407905.74453125
tucker,0.6,False,int2,dynamic,2691159.425761773,0.1051246537396121,2700664.035457064,0.1052631578947368,2664010.497582082,0.102061593280733,1351664,330865.0875
tucker,0.6,False,int4,int8,2.834780332190178,0.1530470914127424,2.724608805701343,0.1656509695290858,2.7468694510669858,0.1781623822855688,2519296,326079.78828125
tucker,0.6,False,int4,float8,2.7899066050627224,0.160803324099723,2.6939307914216104,0.178393351800554,2.6989793009841736,0.1791804530414864,2519296,373291.83515625
tucker,0.6,False,int4,dynamic,2.790613993911532,0.1634349030470914,2.7123634448011824,0.1628808864265928,2.719710697803706,0.1812165945533214,2519296,401325.85390625
tucker,0.6,False,int8,int8,2.240397727918757,0.2778393351800554,2.061202317789981,0.3274238227146814,2.114882607470945,0.3232374650038178,4784618,228671.921875
tucker,0.6,False,int8,float8,2.262195358249949,0.2695290858725762,2.0579394113324025,0.3318559556786704,2.1179335523300966,0.3224739119368796,4784618,247071.4671875
tucker,0.6,False,int8,dynamic,2.1056246264819625,0.299584487534626,1.9524485729407737,0.3523545706371191,2.0118272348832584,0.3428353270552303,4784618,147866.76796875
tucker,0.6,False,float8,int8,2.3841504625336287,0.2664819944598338,2.183065108249062,0.3235457063711911,2.244909882333085,0.3138203105115805,4784618,267429.95625
tucker,0.6,False,float8,float8,2.3650810868456094,0.2700831024930747,2.1628835367694124,0.3229916897506925,2.2396445305907533,0.31814711122423,4784618,274920.83046875
tucker,0.6,False,float8,dynamic,2.222973045946158,0.2885041551246537,2.0646246665732684,0.3357340720221606,2.128032037822853,0.3344362433189106,4784618,228966.159375
tucker,0.7000000000000001,False,,,1.5152343527431964,0.4814404432132964,1.3463290598253794,0.5551246537396122,1.33188537190239,0.5528124204632222,24227028,83835.87421875
tucker,0.7000000000000001,True,,,0.3625405988699842,0.8778393351800554,0.3407745122249107,0.8914127423822714,0.3525862977890969,0.8897938406719267,24227028,69209.03984375
tucker,0.7000000000000001,True,int2,int8,910152.0635387813,0.1044321329639889,911556.4805401664,0.1047091412742382,896407.0430453041,0.1035886994146093,1779270,308283.553125
tucker,0.7000000000000001,True,int2,float8,883625.7635387812,0.1042936288088642,886604.1376731301,0.1047091412742382,870202.1964558412,0.1035886994146093,1779270,276932.50625
tucker,0.7000000000000001,True,int2,dynamic,908435.275831025,0.1044321329639889,913188.6653047092,0.1047091412742382,896281.7223848307,0.1035886994146093,1779270,204582.15546875
tucker,0.7000000000000001,True,int4,int8,2.998965489236932,0.307202216066482,2.9160787797700665,0.3540166204986149,2.841010573378165,0.3489437515907355,3286255,290838.00390625
tucker,0.7000000000000001,True,int4,float8,3.016108147259234,0.2916897506925208,2.9986707754742734,0.3373961218836565,2.9172971660048943,0.3324001018070756,3286255,310335.14609375
tucker,0.7000000000000001,True,int4,dynamic,2.966824346103827,0.3164819944598337,2.9027199570822253,0.3628808864265928,2.83069389762694,0.3598880122168491,3286255,209329.98203125
tucker,0.7000000000000001,True,int8,int8,0.4129595381071033,0.8580332409972299,0.3536266761143121,0.8914127423822714,0.3662336014872988,0.8854670399592772,6152359,322517.04765625
tucker,0.7000000000000001,True,int8,float8,0.4461129413582281,0.8443213296398892,0.3757620643380606,0.8786703601108034,0.3768445524619596,0.883430898447442,6152359,361981.71875
tucker,0.7000000000000001,True,int8,dynamic,0.3707511364092787,0.8727146814404432,0.3441079705045494,0.8903047091412742,0.3555185383635642,0.8882667345380504,6152359,183472.8921875
tucker,0.7000000000000001,True,float8,int8,0.4637038961672056,0.8403047091412742,0.37204778825147,0.8803324099722992,0.3890953602515337,0.8775769916009163,6152359,266165.07109375
tucker,0.7000000000000001,True,float8,float8,0.4957548230969014,0.8288088642659279,0.3999711730803809,0.8664819944598338,0.4048081380996609,0.8770679562229575,6152359,262256.79140625
tucker,0.7000000000000001,True,float8,dynamic,0.4053624478403551,0.8613573407202216,0.3636723256177189,0.8897506925207757,0.3747729915005768,0.885976075337236,6152359,169585.753125
tucker,0.7000000000000001,False,int2,int8,378154.6741516621,0.1127423822714681,365817.42340720224,0.1235457063711911,365581.1351409392,0.117332654619496,1779270,304786.9875
tucker,0.7000000000000001,False,int2,float8,362302.2158067867,0.1164819944598338,346317.53961218835,0.1174515235457063,344871.1977841054,0.1155510307966403,1779270,300102.11015625
tucker,0.7000000000000001,False,int2,dynamic,376944.2897160665,0.1163434903047091,359486.3865304709,0.1180055401662049,358066.9187849962,0.114023924662764,1779270,257672.90625
tucker,0.7000000000000001,False,int4,int8,3.1020714397905937,0.2526315789473684,2.855706077137152,0.2980609418282548,2.7380720849982594,0.3016034614405701,3286255,349326.6671875
tucker,0.7000000000000001,False,int4,float8,3.08520720923046,0.2511080332409972,2.893811995038696,0.2858725761772853,2.7710476989022768,0.2985492491728175,3286255,286005.20078125
tucker,0.7000000000000001,False,int4,dynamic,2.975617014470193,0.2621883656509695,2.737553012668261,0.3085872576177285,2.6162455664484456,0.3186561466021888,3286255,245476.8484375
tucker,0.7000000000000001,False,int8,int8,1.6374810730651477,0.4498614958448753,1.4437983406547694,0.5268698060941829,1.4198916283962106,0.5293967930771188,6152359,287365.7875
tucker,0.7000000000000001,False,int8,float8,1.6840423444631687,0.4486149584487535,1.5040739392970075,0.5157894736842106,1.4611682130289794,0.5225248154746754,6152359,250017.175
tucker,0.7000000000000001,False,int8,dynamic,1.4974066856495232,0.4843490304709141,1.34852069738499,0.5490304709141274,1.3310345075123788,0.5589208449987274,6152359,156309.66328125
tucker,0.7000000000000001,False,float8,int8,1.659656963454059,0.4468144044321329,1.4549554785863184,0.5135734072022161,1.424920195081696,0.5311784168999746,6152359,264504.884375
tucker,0.7000000000000001,False,float8,float8,1.7051655849921736,0.4505540166204986,1.5101767004361772,0.5168975069252078,1.4724275528792965,0.526851616187325,6152359,302376.01875
tucker,0.7000000000000001,False,float8,dynamic,1.521794850146011,0.4818559556786703,1.3601163185864604,0.5501385041551247,1.3462917109001802,0.5535759735301603,6152359,176876.00546875
tucker,0.8,False,,,1.0279468864285055,0.6404432132963989,0.8034658752484996,0.7274238227146814,0.7955144923526417,0.7330109442606261,30405604,107505.13203125
tucker,0.8,True,,,0.3207425700660558,0.8919667590027701,0.3076750440280523,0.903601108033241,0.323248093392625,0.894629676762535,30405604,61422.00234375
tucker,0.8,True,int2,int8,17416496.19833795,0.102770083102493,17648027.65429363,0.1024930747922437,17835813.319928735,0.1002799694578773,2096611,344616.26171875
tucker,0.8,True,int2,float8,17270596.610526316,0.103185595567867,17467840.32908587,0.099168975069252,17665840.116855435,0.1023161109697124,2096611,576994.04453125
tucker,0.8,True,int2,dynamic,17887194.745706372,0.1047091412742382,18143223.308587257,0.1008310249307479,18314178.957145583,0.1033341817256299,2096611,213494.39453125
tucker,0.8,True,int4,int8,2.9798072289231743,0.2761772853185595,2.7985980459197406,0.3307479224376731,2.746651830579768,0.339272079409519,3993737,313682.853125
tucker,0.8,True,int4,float8,2.882565994341948,0.2774238227146814,2.703338112857533,0.3390581717451523,2.688855170445092,0.3407991855433953,3993737,269347.390625
tucker,0.8,True,int4,dynamic,3.051835555449087,0.2703601108033241,2.829069002975717,0.3307479224376731,2.783542225487696,0.3341817256299312,3993737,159687.77734375
tucker,0.8,True,int8,int8,0.3688528657289753,0.8732686980609419,0.3253959253884418,0.8941828254847646,0.3460358224257345,0.8869941460931535,7699627,247372.97421875
tucker,0.8,True,int8,float8,0.412247136755333,0.8595567867036011,0.3545952272877468,0.8886426592797784,0.3676472502898308,0.8824128276915245,7699627,224187.03515625
tucker,0.8,True,int8,dynamic,0.323073813030264,0.8923822714681441,0.3143779123588942,0.900831024930748,0.326217174658978,0.8956477475184526,7699627,148683.50390625
tucker,0.8,True,float8,int8,0.3968527719419749,0.8667590027700831,0.3339886615481073,0.889196675900277,0.34785459583711,0.8892848052939679,7699627,242446.65234375
tucker,0.8,True,float8,float8,0.4463044439656582,0.850415512465374,0.3599918631305325,0.8853185595567867,0.3720860609148986,0.8839399338254008,7699627,241586.16015625
tucker,0.8,True,float8,dynamic,0.3881999355769223,0.8649584487534626,0.3314070516345904,0.889196675900277,0.33890104867645,0.8892848052939679,7699627,177549.64453125
tucker,0.8,False,int2,int8,10009446.109141272,0.1033240997229916,9951101.01939058,0.1036011080332409,10179330.59186498,0.1061338763044031,2096611,562666.540625
tucker,0.8,False,int2,float8,9857928.274238229,0.1033240997229916,9880155.52465374,0.1030470914127423,10073968.872839471,0.1068974293713413,2096611,254444.8984375
tucker,0.8,False,int2,dynamic,10301081.488088643,0.1033240997229916,10278453.084764542,0.1030470914127423,10467462.753881397,0.1063883939933825,2096611,168192.684375
tucker,0.8,False,int4,int8,3.717365902612744,0.2110803324099723,3.6316658963126818,0.2304709141274238,3.563104898094008,0.2420463222193942,3993737,271204.87265625
tucker,0.8,False,int4,float8,3.724074150782873,0.2081717451523545,3.6090220575517566,0.2304709141274238,3.5540941316804138,0.241282769152456,3993737,257213.83359375
tucker,0.8,False,int4,dynamic,3.6382241309844887,0.2186980609418282,3.5349980880018745,0.2398891966759002,3.4728312329743525,0.2506999236446933,3993737,168888.18671875
tucker,0.8,False,int8,int8,1.212116693922027,0.590027700831025,0.8969114643549985,0.6858725761772854,0.9032720898544252,0.6940697378467804,7699627,209647.6
tucker,0.8,False,int8,float8,1.3092028299527154,0.5650969529085873,0.9616192710201495,0.6759002770083102,0.9547007586944496,0.6798167472639348,7699627,224997.3109375
tucker,0.8,False,int8,dynamic,1.102981495725151,0.6173130193905817,0.8535265492270198,0.7130193905817175,0.8497740171980572,0.7118859760753372,7699627,131108.41953125
tucker,0.8,False,float8,int8,1.3076568253482808,0.5488919667590028,0.9948377903148408,0.6526315789473685,0.9951115864838436,0.658691779078646,7699627,222677.7765625
tucker,0.8,False,float8,float8,1.3920117406633752,0.5346260387811634,1.0206097183795515,0.6554016620498615,1.0382984031335971,0.6406210231611097,7699627,239750.29296875
tucker,0.8,False,float8,dynamic,1.2243005817286523,0.582409972299169,0.955903160737162,0.6731301939058172,0.95434602569399,0.6744718757953678,7699627,158151.5609375
tucker,0.9,False,,,0.7327449823680677,0.7451523545706371,0.5775757583719872,0.8049861495844876,0.5574199418950002,0.8106388393993382,37170592,88838.659375
tucker,0.9,True,,,0.3517780807209807,0.881578947368421,0.3075704379425154,0.903601108033241,0.3176271910429547,0.9002290659200815,37170592,43520.06015625
tucker,0.9,True,int2,int8,46550560.46537396,0.1016620498614958,47825271.96232687,0.1002770083102493,47594036.18427081,0.0972257571901247,2527316,276314.084375
tucker,0.9,True,int2,float8,45882408.76897507,0.0973684210526315,46692156.52077562,0.096398891966759,46589703.619241536,0.1033341817256299,2527316,271499.09375
tucker,0.9,True,int2,dynamic,46561600.38781163,0.0968144044321329,47647652.53185596,0.0936288088642659,47480085.31127513,0.0977347925680834,2527316,157281.7359375
tucker,0.9,True,int4,int8,2.0119149525079703,0.4278393351800554,1.6521290213117308,0.5185595567867036,1.665542696231678,0.5306693815220158,4842852,294995.83515625
tucker,0.9,True,int4,float8,2.0789509386236977,0.4159279778393351,1.678973300965539,0.5168975069252078,1.6836308052473683,0.5332145584118096,4842852,290386.88359375
tucker,0.9,True,int4,dynamic,1.9470406986669824,0.4303324099722991,1.5964244853096323,0.5301939058171745,1.6107485063751408,0.5388139475693561,4842852,204756.5125
tucker,0.9,True,int8,int8,0.4087521824149874,0.8624653739612188,0.3205615761867851,0.9002770083102493,0.3342330143382817,0.8951387121404938,9393450,272248.096875
tucker,0.9,True,int8,float8,0.4814462337632588,0.8397506925207756,0.3545694607776948,0.8919667590027701,0.3617735560324454,0.8852125222702978,9393450,262411.10859375
tucker,0.9,True,int8,dynamic,0.3563470536652034,0.8764542936288089,0.3135564095425804,0.900831024930748,0.3218435192834818,0.899974548231102,9393450,177011.175
tucker,0.9,True,float8,int8,0.4776000274515548,0.839612188365651,0.3596388406535595,0.8858725761772853,0.3754986635136464,0.8829218630694833,9393450,248409.49453125
tucker,0.9,True,float8,float8,0.5490255343286614,0.817590027700831,0.3867070295308765,0.8759002770083103,0.4116081944302949,0.8752863324001018,9393450,266609.1734375
tucker,0.9,True,float8,dynamic,0.4340033870654753,0.8501385041551247,0.3446598327556145,0.8880886426592798,0.3570319982764678,0.8857215576482566,9393450,154157.96015625
tucker,0.9,False,int2,int8,19170371.589473683,0.1105263157894736,19612805.033241,0.1146814404432133,19538398.25674472,0.1216594553321455,2527316,367487.27890625
tucker,0.9,False,int2,float8,18653017.39168975,0.1080332409972299,19057367.61772853,0.1119113573407202,19025342.75023065,0.1183507253754135,2527316,439557.61640625
tucker,0.9,False,int2,dynamic,18936260.68476454,0.1096952908587257,19526639.17783933,0.113573407202216,19450976.04888728,0.117332654619496,2527316,343643.7265625
tucker,0.9,False,int4,int8,3.129543280931721,0.2522160664819944,2.713405124764693,0.3096952908587257,2.7170782956375543,0.3189106642911682,4842852,348497.04921875
tucker,0.9,False,int4,float8,3.2006106790082938,0.2542936288088642,2.794591235057799,0.2941828254847645,2.765926874815644,0.3120386866887248,4842852,329357.19375
tucker,0.9,False,int4,dynamic,2.9538928305343246,0.275207756232687,2.593625971220867,0.3362880886426593,2.593915112481587,0.3341817256299312,4842852,254007.22109375
tucker,0.9,False,int8,int8,0.8457382358672546,0.7074792243767313,0.6251396636388309,0.7839335180055401,0.6097200788836287,0.7940951896156783,9393450,234311.3703125
tucker,0.9,False,int8,float8,0.9065916351664428,0.6921052631578948,0.6823516165450669,0.7667590027700831,0.6482308978386949,0.7839144820565029,9393450,248282.85
tucker,0.9,False,int8,dynamic,0.7506911776072431,0.7354570637119113,0.5855847685786165,0.8,0.5631682880281583,0.8103843217103589,9393450,140108.78125
tucker,0.9,False,float8,int8,0.9326755996556164,0.678808864265928,0.6689907068360875,0.7778393351800554,0.6686900404307278,0.7770425044540595,9393450,250822.51328125
tucker,0.9,False,float8,float8,1.0378942562272344,0.6578947368421053,0.7411547848392391,0.7606648199445983,0.7136341383148314,0.7648256553830491,9393450,264278.85625
tucker,0.9,False,float8,dynamic,0.8423548632381366,0.7126038781163435,0.635833423140967,0.7939058171745152,0.6222801615670608,0.7902774242809876,9393450,147790.75546875
cp,0.1,False,,,2.971576371021218,0.1080332409972299,3.0926100578994964,0.1052631578947368,3.048154663359976,0.1114787477729702,5183112,95504.95859375
cp,0.1,True,,,0.5568973452760902,0.8066481994459834,0.6692572514766472,0.7900277008310249,0.6782968172622899,0.7920590481038432,5183112,60239.578125
cp,0.1,True,int2,int8,4.699141255415752e+22,0.1037396121883656,5.005681924057672e+22,0.1041551246537396,5.018391370600086e+22,0.1038432171035887,498103,341814.71953125
cp,0.1,True,int2,float8,4.540652197627168e+22,0.1042936288088642,4.8087480754297245e+22,0.1041551246537396,4.834683103938936e+22,0.1051158055484856,498103,311551.475
cp,0.1,True,int2,dynamic,4.617642669418809e+22,0.1041551246537396,4.93161564848633e+22,0.1041551246537396,4.95019387748266e+22,0.1043522524815474,498103,219157.86796875
cp,0.1,True,int4,int8,5509303.326038782,0.1020775623268698,5578682.613573407,0.1019390581717451,5507145.37439552,0.1091880885721557,817204,332068.53984375
cp,0.1,True,int4,float8,5585639.530470914,0.1020775623268698,5755752.231301939,0.1019390581717451,5680594.464494783,0.1091880885721557,817204,339411.028125
cp,0.1,True,int4,dynamic,5063039.212465374,0.1020775623268698,5179834.482548476,0.1019390581717451,5116240.833290914,0.1091880885721557,817204,240665.39765625
cp,0.1,True,int8,int8,4.690612498677008,0.1896121883656509,4.0705746720702365,0.2072022160664819,4.1326407054872965,0.2288114023924662,1392376,279037.41953125
cp,0.1,True,int8,float8,6.908529374606061,0.1141274238227146,6.627600288391113,0.1141274238227146,6.624360648555348,0.1234410791550012,1392376,305411.94765625
cp,0.1,True,int8,dynamic,2.0126383268271786,0.4476454293628809,1.8316897412086128,0.5002770083102493,1.9194133113922736,0.500381776533469,1392376,178036.62578125
cp,0.1,True,float8,int8,3.597619984090493,0.1002770083102493,3.5819828683319512,0.1124653739612188,3.6532117481236543,0.104097734792568,1392376,289280.5921875
cp,0.1,True,float8,float8,4.170731251787942,0.1042936288088642,4.134573196638324,0.1124653739612188,4.26278356536104,0.1030796640366505,1392376,279514.47578125
cp,0.1,True,float8,dynamic,2.807384709043846,0.1322714681440443,2.817915587544111,0.1412742382271468,2.8155537984182466,0.1389666581827437,1392376,237105.546875
cp,0.1,False,int2,int8,1.4763801571102862e+25,0.1044321329639889,1.6106947244501871e+25,0.1047091412742382,1.6157184086977707e+25,0.1035886994146093,498103,315827.6234375
cp,0.1,False,int2,float8,1.4162854971602783e+25,0.1044321329639889,1.5299318048426749e+25,0.1047091412742382,1.5374181112176042e+25,0.1035886994146093,498103,311990.76953125
cp,0.1,False,int2,dynamic,1.4263062623492145e+25,0.1044321329639889,1.5567648919566735e+25,0.1047091412742382,1.56573113023666e+25,0.1035886994146093,498103,259800.121875
cp,0.1,False,int4,int8,692490450.3667591,0.0986149584487534,722608360.1373961,0.089196675900277,721984266.5624841,0.0984983456350216,817204,368956.5796875
cp,0.1,False,int4,float8,707709123.0493075,0.0810249307479224,736072399.8847646,0.081994459833795,737461502.1745992,0.0827182489182998,817204,353165.640625
cp,0.1,False,int4,dynamic,644707118.5905818,0.1048476454293628,677851407.3529086,0.1052631578947368,678606468.9271761,0.1025706286586917,817204,246121.8015625
cp,0.1,False,int8,int8,4.031683893018812,0.106371191135734,4.018233008265826,0.1080332409972299,4.011636505481334,0.1018070755917536,1392376,277981.44609375
cp,0.1,False,int8,float8,4.319249825464391,0.1259002770083102,4.330845983140686,0.1240997229916897,4.212142105471484,0.1333672690251972,1392376,279632.44609375
cp,0.1,False,int8,dynamic,3.851071640527149,0.1271468144044321,3.776955578399827,0.1213296398891966,3.782831549553448,0.1211504199541868,1392376,188710.1328125
cp,0.1,False,float8,int8,5.616459531863311,0.0998614958448753,5.513550727453258,0.0980609418282548,5.513382690557847,0.0951896156782896,1392376,279735.5296875
cp,0.1,False,float8,float8,4.410202702392832,0.1004155124653739,4.423742183886076,0.1036011080332409,4.428058408240563,0.104097734792568,1392376,306668.53203125
cp,0.1,False,float8,dynamic,4.073270716495461,0.1044321329639889,4.095685576071699,0.1024930747922437,4.103003356862717,0.1038432171035887,1392376,182067.19921875
cp,0.2,False,,,1.9219111892985503,0.3555401662049861,1.7352374184494863,0.4254847645429362,1.740362296580176,0.4270806821074064,9579684,85828.7171875
cp,0.2,True,,,0.5042563589656122,0.8304709141274238,0.6649291894937817,0.7872576177285319,0.6447455586595795,0.7976584372613896,9579684,40729.15625
cp,0.2,True,int2,int8,4.891595172201525e+27,0.1044321329639889,5.149644885275022e+27,0.1047091412742382,5.033133684752546e+27,0.1035886994146093,831426,329215.65625
cp,0.2,True,int2,float8,4.934024335908776e+27,0.1044321329639889,5.20337549283034e+27,0.1047091412742382,5.098063684973983e+27,0.1035886994146093,831426,299748.36875
cp,0.2,True,int2,dynamic,4.983036758924535e+27,0.1044321329639889,5.252116902373172e+27,0.1047091412742382,5.143715183225087e+27,0.1035886994146093,831426,216548.27421875
cp,0.2,True,int4,int8,1455355575.3839335,0.1044321329639889,1488722224.1506925,0.1041551246537396,1473802147.4777298,0.1038432171035887,1425342,401569.365625
cp,0.2,True,int4,float8,1575731643.709695,0.1044321329639889,1612414177.6487534,0.1041551246537396,1590505943.7006872,0.1038432171035887,1425342,482794.06171875
cp,0.2,True,int4,dynamic,1295132562.2958448,0.1044321329639889,1339320239.5124657,0.1041551246537396,1323945858.834309,0.1038432171035887,1425342,318423.51328125
cp,0.2,True,int8,int8,2.999227188432646,0.1811634349030471,3.0186239906955623,0.1900277008310249,3.0284475978017307,0.1944515143802494,2510491,309212.953125
cp,0.2,True,int8,float8,4.572037371373903,0.1109418282548476,4.4274075185823305,0.1157894736842105,4.485931332040361,0.1158055484856197,2510491,285517.86640625
cp,0.2,True,int8,dynamic,3.5536921341333363,0.2796398891966759,3.167010708528873,0.3119113573407202,3.183577378550447,0.3092389921099516,2510491,332542.61328125
cp,0.2,True,float8,int8,9.21498751759199,0.1081717451523545,8.65288616930679,0.1102493074792243,8.706433233337325,0.1175871723084754,2510491,330707.19140625
cp,0.2,True,float8,float8,5.144571589895232,0.1012465373961218,5.1230093712952,0.0936288088642659,5.148537611166434,0.1005344871468567,2510491,305508.73359375
cp,0.2,True,float8,dynamic,6.639434777996877,0.1272853185595568,6.877047517887443,0.1285318559556786,6.8301353807757605,0.1374395520488674,2510491,207309.49375
cp,0.2,False,int2,int8,2.868816705047964e+33,0.1042936288088642,2.980650002023254e+33,0.1041551246537396,2.911547175857876e+33,0.104097734792568,831426,416624.184375
cp,0.2,False,int2,float8,2.581463522179954e+33,0.1042936288088642,2.6877383105500703e+33,0.1041551246537396,2.621073005001523e+33,0.104097734792568,831426,359637.078125
cp,0.2,False,int2,dynamic,2.6846608372207243e+33,0.1042936288088642,2.7968287523034505e+33,0.1041551246537396,2.726604856266692e+33,0.104097734792568,831426,273609.896875
cp,0.2,False,int4,int8,155596704988920.78,0.1041551246537396,158745414258377.12,0.1041551246537396,158318851716182.28,0.1043522524815474,1425342,380990.28125
cp,0.2,False,int4,float8,153890314826129.66,0.1041551246537396,158435280091622.75,0.1041551246537396,157370585055198.62,0.1043522524815474,1425342,370605.56328125
cp,0.2,False,int4,dynamic,125856062331334.98,0.1041551246537396,130722439436062.2,0.1041551246537396,129670262416112.69,0.1043522524815474,1425342,260695.75078125
cp,0.2,False,int8,int8,3.2007525413650555,0.1036011080332409,3.191051924988173,0.1030470914127423,3.224976169331804,0.0997709340799185,2510491,293563.88046875
cp,0.2,False,int8,float8,5.191647253010081,0.1037396121883656,5.200600281712752,0.1036011080332409,5.215363604811865,0.0977347925680834,2510491,247894.10859375
cp,0.2,False,int8,dynamic,3.09101914936816,0.1030470914127423,3.0369879192922915,0.1019390581717451,3.0538137811957866,0.1030796640366505,2510491,162564.1859375
cp,0.2,False,float8,int8,26.466627160069685,0.0734072022160664,26.64868163322808,0.0753462603878116,27.120692740751306,0.0687197760244337,2510491,291146.2421875
cp,0.2,False,float8,float8,36.43573345702111,0.0932132963988919,37.10895788240301,0.0903047091412742,37.056871659338825,0.0949350979893102,2510491,273297.75859375
cp,0.2,False,float8,dynamic,13.42498458957408,0.0653739612188365,13.19276665875126,0.0664819944598338,13.342667967771323,0.0582845507762789,2510491,170120.51015625
cp,0.3,False,,,0.9449993990134664,0.6720221606648199,0.6835076127686329,0.7728531855955678,0.7067244518619361,0.7554085008908119,11811908,64584.790625
cp,0.3,True,,,1.858957333776099,0.3565096952908587,1.6937362012440478,0.4116343490304709,1.663959276072395,0.4095189615678289,11811908,48751.6609375
cp,0.3,True,int2,int8,4.831419810547954e+28,0.1033240997229916,4.99657668316979e+28,0.1030470914127423,4.8620238100469405e+28,0.1063883939933825,1041571,336673.96640625
cp,0.3,True,int2,float8,4.7072516892350565e+28,0.1033240997229916,4.865366806776538e+28,0.1030470914127423,4.740540122177127e+28,0.1063883939933825,1041571,350223.42578125
cp,0.3,True,int2,dynamic,4.786045148417515e+28,0.1033240997229916,4.960104632611904e+28,0.1030470914127423,4.828251068342544e+28,0.1063883939933825,1041571,180749.79765625
cp,0.3,True,int4,int8,41152611.23102493,0.1054016620498615,41017556.13961219,0.1041551246537396,41590210.53019504,0.1033341817256299,1774748,393542.93828125
cp,0.3,True,int4,float8,42540599.76509696,0.1044321329639889,42839999.51246537,0.1047091412742382,43305666.9341608,0.1038432171035887,1774748,332987.21328125
cp,0.3,True,int4,dynamic,40829533.19224377,0.1044321329639889,41127245.01717451,0.1041551246537396,41530065.35581573,0.1038432171035887,1774748,212219.63046875
cp,0.3,True,int8,int8,36.96206773034093,0.1019390581717451,36.945070263553525,0.1019390581717451,36.67120338301534,0.108679053194197,3081291,296627.03203125
cp,0.3,True,int8,float8,7.0588208264591294,0.1069252077562326,5.765029130549973,0.1108033240997229,6.095620167956276,0.1094426062611351,3081291,294895.14609375
cp,0.3,True,int8,dynamic,5.616907946620952,0.1113573407202216,6.006138266090541,0.106371191135734,5.936307852005467,0.0979893102570628,3081291,133290.646875
cp,0.3,True,float8,int8,76.63530229478661,0.1033240997229916,76.753050827914,0.1102493074792243,75.10152226897347,0.1089335708831763,3081291,295123.20390625
cp,0.3,True,float8,float8,37.16341514693072,0.1012465373961218,36.54323950579953,0.1019390581717451,35.94865033632018,0.1018070755917536,3081291,281149.0765625
cp,0.3,True,float8,dynamic,5.306332238823424,0.1173130193905817,4.023316729035734,0.1163434903047091,4.052815207211714,0.1300585390684652,3081291,158429.94296875
cp,0.3,False,int2,int8,,0.1042936288088642,,0.1041551246537396,,0.104097734792568,1041571,329098.3
cp,0.3,False,int2,float8,,0.1042936288088642,,0.1041551246537396,,0.104097734792568,1041571,314713.3546875
cp,0.3,False,int2,dynamic,,0.1042936288088642,,0.1041551246537396,,0.104097734792568,1041571,214854.35078125
cp,0.3,False,int4,int8,6.167232132485943e+17,0.1044321329639889,6.279539856682181e+17,0.1047091412742382,6.313466449979928e+17,0.1035886994146093,1774748,332661.53671875
cp,0.3,False,int4,float8,6.5819951481474e+17,0.1044321329639889,6.741491024428326e+17,0.1047091412742382,6.733059468515315e+17,0.1035886994146093,1774748,373611.2828125
cp,0.3,False,int4,dynamic,5.0464693484134906e+17,0.1044321329639889,5.193728795195609e+17,0.1047091412742382,5.195041738414679e+17,0.1035886994146093,1774748,255343.05546875
cp,0.3,False,int8,int8,1164.474192374697,0.095567867036011,1174.9631302344833,0.0903047091412742,1179.7692765769657,0.0916263680325782,3081291,305103.58203125
cp,0.3,False,int8,float8,479.1517580830159,0.0905817174515235,492.609820303032,0.0897506925207756,474.2110003682304,0.0872995673199287,3081291,327110.65234375
cp,0.3,False,int8,dynamic,19.19905746121816,0.1222991689750692,19.378838635283493,0.1252077562326869,19.3891984646361,0.1285314329345889,3081291,179827.0640625
cp,0.3,False,float8,int8,4271.964279453774,0.0948753462603878,4396.6680991386775,0.0997229916897507,4259.189236014452,0.0931534741664545,3081291,375152.15703125
cp,0.3,False,float8,float8,751.5546323485652,0.102770083102493,774.7407861260496,0.1036011080332409,760.3878635514264,0.1002799694578773,3081291,291753.85234375
cp,0.3,False,float8,dynamic,20.823360050021776,0.1,21.466159012178966,0.0997229916897507,21.35195727905386,0.098752863324001,3081291,173807.0109375
cp,0.4,False,,,0.5179732056866062,0.8227146814404432,0.3906730471555546,0.8742382271468144,0.4056122147360355,0.8673962840417409,13074632,99547.74296875
cp,0.4,True,,,1.646389204379264,0.4076177285318559,1.5673034032626163,0.4515235457063712,1.55666662506488,0.4448969203359633,13074632,60491.565625
cp,0.4,True,int2,int8,1.869060252678528e+31,0.1051246537396121,1.916926229238872e+31,0.1052631578947368,1.8968436163561523e+31,0.102061593280733,1155142,407049.3078125
cp,0.4,True,int2,float8,1.8571352246773104e+31,0.1051246537396121,1.901634826735238e+31,0.1052631578947368,1.880926041782392e+31,0.102061593280733,1155142,408778.784375
cp,0.4,True,int2,dynamic,1.8560529600586e+31,0.1051246537396121,1.907066661984612e+31,0.1052631578947368,1.886279871036324e+31,0.102061593280733,1155142,209949.7484375
cp,0.4,True,int4,int8,19559375297.311916,0.1051246537396121,19946862430.883102,0.1052631578947368,19892100836.43879,0.102061593280733,1966973,428496.72421875
cp,0.4,True,int4,float8,20834314082.28698,0.1051246537396121,21505071218.59723,0.1052631578947368,21304495192.873505,0.102061593280733,1966973,387974.8140625
cp,0.4,True,int4,dynamic,16135035903.432688,0.1051246537396121,16713314148.556232,0.1052631578947368,16587269736.90201,0.102061593280733,1966973,199076.6140625
cp,0.4,True,int8,int8,30.160352731213344,0.1062326869806094,30.676779370294717,0.1058171745152354,31.103882260163584,0.1074064647493,3406524,423614.284375
cp,0.4,True,int8,float8,17.847743495613585,0.1044321329639889,18.488593477159327,0.1052631578947368,18.398995625408407,0.1033341817256299,3406524,324289.87734375
cp,0.4,True,int8,dynamic,8.864191845183226,0.1146814404432133,10.235646846221757,0.1008310249307479,9.786395369124612,0.1137694069737846,3406524,266757.5671875
cp,0.4,True,float8,int8,30.87624560644092,0.1018005540166205,31.478024951374763,0.1019390581717451,32.223236703666366,0.0946805803003308,3406524,350510.88046875
cp,0.4,True,float8,float8,37.952333867715005,0.1005540166204986,40.48014997656656,0.1008310249307479,40.4553641389423,0.1002799694578773,3406524,623938.02421875
cp,0.4,True,float8,dynamic,7.856357204616895,0.1052631578947368,7.760194690736046,0.099168975069252,7.76143293278792,0.1102061593280733,3406524,150000.6578125
cp,0.4,False,int2,int8,,0.1042936288088642,,0.1041551246537396,,0.104097734792568,1155142,354203.2390625
cp,0.4,False,int2,float8,,0.1042936288088642,,0.1041551246537396,,0.104097734792568,1155142,629506.3359375
cp,0.4,False,int2,dynamic,,0.1042936288088642,,0.1041551246537396,,0.104097734792568,1155142,159004.28515625
cp,0.4,False,int4,int8,1.2767637095748089e+20,0.1024930747922437,1.293557234153935e+20,0.0947368421052631,1.2976181967954978e+20,0.0990073810129804,1966973,342634.275
cp,0.4,False,int4,float8,1.3906216553138767e+20,0.1055401662049861,1.4177041156579456e+20,0.1008310249307479,1.4119882054077007e+20,0.1012980402137948,1966973,359441.3421875
cp,0.4,False,int4,dynamic,9.751515920361028e+19,0.1013850415512465,9.935739424240276e+19,0.1041551246537396,9.92890890034146e+19,0.0903537795876813,1966973,201526.36640625
cp,0.4,False,int8,int8,120742.43371710526,0.099168975069252,118594.12976757273,0.1074792243767313,122776.4568473212,0.0931534741664545,3406524,337355.41328125
cp,0.4,False,int8,float8,294088.62004847644,0.0944598337950138,148259.7610770862,0.0831024930747922,157296.63488592437,0.0936625095444133,3406524,329174.5
cp,0.4,False,int8,dynamic,237.2946832714979,0.1026315789473684,242.6619779380735,0.1019390581717451,241.5917813453485,0.1023161109697124,3406524,175447.075
cp,0.4,False,float8,int8,500.816477733834,0.1030470914127423,503.1023918003917,0.0997229916897507,510.477107505575,0.0979893102570628,3406524,317316.521875
cp,0.4,False,float8,float8,953.7688677758722,0.1022160664819944,855.6949111219918,0.0969529085872576,827.1394003045016,0.0990073810129804,3406524,307059.97421875
cp,0.4,False,float8,dynamic,17.56444885909062,0.1041551246537396,17.18443505453601,0.1024930747922437,17.032930558132563,0.1023161109697124,3406524,146313.32890625
cp,0.5,False,,,0.4015740713254236,0.8583102493074792,0.3391051911911475,0.8930747922437673,0.3308354574787795,0.8920844998727412,13816792,53480.98046875
cp,0.5,True,,,1.4612439784977245,0.4822714681440443,1.3832694509353003,0.5229916897506925,1.364008764815288,0.5176889793840672,13816792,42433.7359375
cp,0.5,True,int2,int8,5.604913594435991e+33,0.1044321329639889,5.716426763717778e+33,0.1047091412742382,5.693417664282394e+33,0.1035886994146093,1234937,374352.60234375
cp,0.5,True,int2,float8,5.491700473204229e+33,0.1044321329639889,5.564094924135822e+33,0.1047091412742382,5.555037284310341e+33,0.1035886994146093,1234937,388695.7078125
cp,0.5,True,int2,dynamic,5.644750003551624e+33,0.1044321329639889,5.736850350609699e+33,0.1047091412742382,5.717176379658284e+33,0.1035886994146093,1234937,185701.096875
cp,0.5,True,int4,int8,125033063834.16731,0.1030470914127423,128224392277.66426,0.0941828254847645,126579575506.97684,0.0990073810129804,2093323,387476.409375
cp,0.5,True,int4,float8,129257956866.5529,0.1026315789473684,131784304157.78394,0.0969529085872576,130469718140.57928,0.1023161109697124,2093323,378645.96875
cp,0.5,True,int4,dynamic,109380996591.26428,0.1051246537396121,112003777728.3191,0.1052631578947368,110906427174.63782,0.102061593280733,2093323,172232.6390625
cp,0.5,True,int8,int8,85.62099731107168,0.1045706371191135,85.12197740718598,0.106371191135734,86.17785326558902,0.098752863324001,3598976,310331.56015625
cp,0.5,True,int8,float8,185.77769862462935,0.0994459833795013,185.77246504596064,0.1080332409972299,187.45901617417655,0.1056248409264443,3598976,319061.65390625
cp,0.5,True,int8,dynamic,30.05513674876036,0.1052631578947368,29.05738137792022,0.1052631578947368,29.422134809052352,0.1023161109697124,3598976,137367.96484375
cp,0.5,True,float8,int8,273.6588078210889,0.1019390581717451,281.43190960236865,0.1041551246537396,285.5463607361615,0.1018070755917536,3598976,340562.98828125
cp,0.5,True,float8,float8,705.3963963896945,0.1029085872576177,736.1001624448147,0.1096952908587257,711.5936144767871,0.1048612878595062,3598976,325225.55234375
cp,0.5,True,float8,dynamic,40.54940979130711,0.0943213296398891,39.7730777180426,0.0858725761772853,40.55804092181976,0.0908628149656401,3598976,156559.290625
cp,0.5,False,int2,int8,,0.1042936288088642,,0.1041551246537396,,0.104097734792568,1234937,386241.0625
cp,0.5,False,int2,float8,,0.1042936288088642,,0.1041551246537396,,0.104097734792568,1234937,397305.5078125
cp,0.5,False,int2,dynamic,,0.1042936288088642,,0.1041551246537396,,0.104097734792568,1234937,164760.26796875
cp,0.5,False,int4,int8,6.651082712883495e+19,0.1048476454293628,6.774801918111084e+19,0.1041551246537396,6.82084481634312e+19,0.1023161109697124,2093323,404226.5421875
cp,0.5,False,int4,float8,6.328220820775055e+19,0.102770083102493,6.511296824125786e+19,0.1119113573407202,6.514285178211447e+19,0.1028251463476711,2093323,387082.86875
cp,0.5,False,int4,dynamic,5.0776574905155895e+19,0.1048476454293628,5.260577668520011e+19,0.1052631578947368,5.268303971100914e+19,0.102061593280733,2093323,202514.78203125
cp,0.5,False,int8,int8,6395.996750833189,0.1037396121883656,6472.078489114439,0.0947368421052631,6332.5423093404015,0.1046067701705268,3598976,306323.89140625
cp,0.5,False,int8,float8,29026.99470005194,0.1042936288088642,29299.638865564404,0.1058171745152354,29231.8662924627,0.1074064647493,3598976,339695.92890625
cp,0.5,False,int8,dynamic,190.77649894566417,0.0907202216066482,197.43467701412635,0.0814404432132964,192.0648355229145,0.0839908373631967,3598976,128803.840625
cp,0.5,False,float8,int8,1755.678289811829,0.0901662049861495,1745.8449552837171,0.0925207756232687,1771.5082272097304,0.092135403410537,3598976,335007.88359375
cp,0.5,False,float8,float8,10620.74744957583,0.088781163434903,7888.211356529172,0.0897506925207756,8030.047351599285,0.0949350979893102,3598976,334199.68203125
cp,0.5,False,float8,dynamic,118.53656552386086,0.0645429362880886,122.27853667874746,0.0637119113573407,122.25037745858826,0.0587935861542377,3598976,143632.20625
cp,0.6,False,,,0.3785483620998932,0.8677285318559557,0.3251904172745438,0.8947368421052632,0.3192290813223828,0.8989564774751845,14202496,116132.56484375
cp,0.6,True,,,1.726071260708521,0.3700831024930748,1.6455829312596626,0.4155124653739612,1.62433446503438,0.4054466785441588,14202496,38094.02734375
cp,0.6,True,int2,int8,2.879061346555601e+32,0.1042936288088642,2.9462823709207467e+32,0.1041551246537396,2.872199311731481e+32,0.1043522524815474,1268720,406294.26171875
cp,0.6,True,int2,float8,2.7504733557418157e+32,0.1041551246537396,2.8220250409275816e+32,0.1041551246537396,2.744134964477886e+32,0.1043522524815474,1268720,389738.46015625
cp,0.6,True,int2,dynamic,2.8878752333761188e+32,0.1041551246537396,2.94752600857049e+32,0.1041551246537396,2.8758014935406783e+32,0.1043522524815474,1268720,186039.74296875
cp,0.6,True,int4,int8,565289610.8853185,0.0993074792243767,569738308.2548476,0.0986149584487534,561010425.2685162,0.0944260626113514,2151335,395833.66640625
cp,0.6,True,int4,float8,516659729.1966759,0.1044321329639889,524519922.8808864,0.1052631578947368,517270412.5882887,0.1028251463476711,2151335,414296.54296875
cp,0.6,True,int4,dynamic,492970552.62493074,0.1044321329639889,501622424.500831,0.1047091412742382,493258498.1420209,0.1035886994146093,2151335,178978.453125
cp,0.6,True,int8,int8,409.6865249591521,0.1051246537396121,410.3923187847613,0.1052631578947368,410.4618125599012,0.102061593280733,3700214,357029.43828125
cp,0.6,True,int8,float8,474.9765236302426,0.1051246537396121,483.54780320777786,0.1052631578947368,476.97754877157934,0.102061593280733,3700214,333602.990625
cp,0.6,True,int8,dynamic,71.67383209397588,0.1051246537396121,70.56055851141171,0.1052631578947368,69.96369566893753,0.102061593280733,3700214,135678.38984375
cp,0.6,True,float8,int8,196.4605183355696,0.1051246537396121,198.3887480167801,0.1052631578947368,199.3265128850512,0.102061593280733,3700214,338416.90234375
cp,0.6,True,float8,float8,237.7942784190508,0.1051246537396121,242.85921600426332,0.1052631578947368,239.95449521165972,0.102061593280733,3700214,367984.7640625
cp,0.6,True,float8,dynamic,19.59642555680632,0.0904432132963988,19.49081073982894,0.0897506925207756,19.573084885365912,0.0842453550521761,3700214,150733.3234375
cp,0.6,False,int2,int8,,0.1042936288088642,,0.1041551246537396,,0.104097734792568,1268720,408570.20546875
cp,0.6,False,int2,float8,,0.1042936288088642,,0.1041551246537396,,0.104097734792568,1268720,426138.43515625
cp,0.6,False,int2,dynamic,,0.1042936288088642,,0.1041551246537396,,0.104097734792568,1268720,177453.396875
cp,0.6,False,int4,int8,1.5676182789811303e+20,0.1052631578947368,1.5797143436468355e+20,0.1052631578947368,1.588178759740492e+20,0.102061593280733,2151335,409730.45625
cp,0.6,False,int4,float8,1.3804688989067592e+20,0.1076177285318559,1.3953866585981724e+20,0.0980609418282548,1.394191840848767e+20,0.1005344871468567,2151335,404649.83828125
cp,0.6,False,int4,dynamic,1.1859036546836396e+20,0.1051246537396121,1.2106181417778854e+20,0.1052631578947368,1.211343619744728e+20,0.102061593280733,2151335,172112.35859375
cp,0.6,False,int8,int8,139407.25173130195,0.1024930747922437,138714.61597126038,0.1036011080332409,137291.87015024497,0.1025706286586917,3700214,323741.35390625
cp,0.6,False,int8,float8,642450.475934903,0.1004155124653739,651096.6693559557,0.0958448753462603,638901.3502879231,0.108679053194197,3700214,358878.39296875
cp,0.6,False,int8,dynamic,18343.651191352143,0.1016620498614958,18724.323946069944,0.1030470914127423,18228.16972688562,0.108679053194197,3700214,137967.55625
cp,0.6,False,float8,int8,8117.341256654692,0.085595567867036,8122.757454877943,0.0886426592797784,8211.732836460455,0.085517943497073,3700214,356239.83046875
cp,0.6,False,float8,float8,24299.94206955505,0.0952908587257617,24249.720748571675,0.1019390581717451,23953.325530734004,0.0926444387884958,3700214,371315.2328125
cp,0.6,False,float8,dynamic,204.51835072694396,0.1002770083102493,206.6268506332778,0.0975069252077562,204.55376331895383,0.1071519470603206,3700214,147484.94609375
cp,0.7000000000000001,False,,,0.3862428136644601,0.868421052631579,0.3196989039965283,0.8991689750692521,0.3132683202135074,0.9015016543649784,14561940,79827.2671875
cp,0.7000000000000001,True,,,1.800769003606569,0.3193905817174515,1.766440560877158,0.3434903047091412,1.7361058726144465,0.3469076100789005,14561940,38588.8203125
cp,0.7000000000000001,True,int2,int8,4.992452089868822e+31,0.1065096952908587,5.066324625004368e+31,0.1036011080332409,4.990035119545208e+31,0.1043522524815474,1306513,424270.7984375
cp,0.7000000000000001,True,int2,float8,4.821929821163693e+31,0.1042936288088642,4.913826100873652e+31,0.1041551246537396,4.840253067488321e+31,0.1038432171035887,1306513,426291.86171875
cp,0.7000000000000001,True,int2,dynamic,4.984360570262981e+31,0.1044321329639889,5.072406523041747e+31,0.1041551246537396,4.993179594863698e+31,0.1038432171035887,1306513,181710.61484375
cp,0.7000000000000001,True,int4,int8,12879968490.86759,0.0642659279778393,13135333730.570637,0.0642659279778393,13187549378.81802,0.057011962331382,2211647,432361.81640625
cp,0.7000000000000001,True,int4,float8,13530240082.827702,0.0642659279778393,13878262598.488642,0.0642659279778393,13887644768.561975,0.057011962331382,2211647,420159.890625
cp,0.7000000000000001,True,int4,dynamic,11722455978.335732,0.0642659279778393,12041105998.572851,0.0642659279778393,12047396108.835836,0.057011962331382,2211647,189879.44609375
cp,0.7000000000000001,True,int8,int8,7.574283989248514,0.0867036011080332,7.345878494611407,0.0792243767313019,7.550298488361594,0.0842453550521761,3794707,384217.27265625
cp,0.7000000000000001,True,int8,float8,205.6936550150948,0.1009695290858725,206.2869562629848,0.0997229916897507,201.11858040966675,0.1089335708831763,3794707,406119.55390625
cp,0.7000000000000001,True,int8,dynamic,4.6285772957630105,0.1036011080332409,4.142457479255021,0.1024930747922437,4.306642238163529,0.1035886994146093,3794707,142121.215625
cp,0.7000000000000001,True,float8,int8,827.6604392434751,0.1026315789473684,829.0707728166659,0.1030470914127423,814.7692834602176,0.1076609824382794,3794707,407797.7203125
cp,0.7000000000000001,True,float8,float8,1721.6848962841932,0.1030470914127423,1725.903523469962,0.1019390581717451,1703.1793093595168,0.1056248409264443,3794707,402160.68046875
cp,0.7000000000000001,True,float8,dynamic,668.5065605184708,0.102770083102493,670.6903349731107,0.1030470914127423,662.7185163141116,0.1074064647493,3794707,160047.1484375
cp,0.7000000000000001,False,int2,int8,,0.1042936288088642,,0.1041551246537396,,0.104097734792568,1306513,464156.7078125
cp,0.7000000000000001,False,int2,float8,,0.1042936288088642,,0.1041551246537396,,0.104097734792568,1306513,461979.98515625
cp,0.7000000000000001,False,int2,dynamic,,0.1042936288088642,,0.1041551246537396,,0.104097734792568,1306513,199537.69609375
cp,0.7000000000000001,False,int4,int8,4.682931292787397e+19,0.1051246537396121,4.73311089728995e+19,0.1052631578947368,4.765703507623995e+19,0.102061593280733,2211647,448284.996875
cp,0.7000000000000001,False,int4,float8,4.457218097864025e+19,0.1029085872576177,4.516989639082936e+19,0.099168975069252,4.5027747688850285e+19,0.1015525579027742,2211647,481775.7796875
cp,0.7000000000000001,False,int4,dynamic,3.434490454657349e+19,0.1052631578947368,3.5143830780354576e+19,0.1052631578947368,3.5171711796475007e+19,0.102061593280733,2211647,195426.18125
cp,0.7000000000000001,False,int8,int8,10053.040991278567,0.1,9992.578588934815,0.1163434903047091,9951.066724645663,0.1015525579027742,3794707,368794.503125
cp,0.7000000000000001,False,int8,float8,154102.98485110802,0.0968144044321329,154704.09806094182,0.0986149584487534,148291.20228389857,0.1099516416390939,3794707,379568.2296875
cp,0.7000000000000001,False,int8,dynamic,794.1503883932436,0.102770083102493,810.2989900625973,0.1030470914127423,793.1965339643168,0.1074064647493,3794707,150441.2546875
cp,0.7000000000000001,False,float8,int8,22361.63643308518,0.0944598337950138,21979.40280633224,0.0858725761772853,22662.47296022962,0.0936625095444133,3794707,375673.69296875
cp,0.7000000000000001,False,float8,float8,148453.538841759,0.0865650969529086,148292.8196719183,0.0903047091412742,145462.67289108233,0.0941715449223721,3794707,388828.46015625
cp,0.7000000000000001,False,float8,dynamic,3507.3829338263936,0.0717451523545706,3577.371285004761,0.0698060941828254,3574.414671748611,0.0626113514889284,3794707,170093.990625
cp,0.8,False,,,0.3902510056205073,0.8646814404432133,0.3186714651181757,0.8986149584487535,0.3101566722713739,0.901247136675999,14833020,57145.0703125
cp,0.8,True,,,1.6988651231385334,0.3837950138504155,1.6289992426240874,0.4182825484764543,1.629595322079803,0.4138457622804785,14833020,46874.59921875
cp,0.8,True,int2,int8,2.0965926478134705e+32,0.1036011080332409,2.146035679089648e+32,0.1024930747922437,2.157576001258509e+32,0.1043522524815474,1331076,505801.43359375
cp,0.8,True,int2,float8,2.058264257303552e+32,0.1033240997229916,2.1175824704404328e+32,0.1030470914127423,2.1228360436008457e+32,0.1063883939933825,1331076,475230.34453125
cp,0.8,True,int2,dynamic,2.1375269000699995e+32,0.1033240997229916,2.2087221435578152e+32,0.1030470914127423,2.2151508288385938e+32,0.1063883939933825,1331076,192330.2734375
cp,0.8,True,int4,int8,7540733019.05374,0.1042936288088642,7619756523.576732,0.1058171745152354,7602607766.218905,0.1033341817256299,2253087,461634.88828125
cp,0.8,True,int4,float8,7619771983.140166,0.1041551246537396,7681910256.115235,0.1036011080332409,7638513449.895648,0.102061593280733,2253087,463091.58046875
cp,0.8,True,int4,dynamic,7051690622.79446,0.1044321329639889,7159795968.992798,0.1047091412742382,7087422528.700433,0.1035886994146093,2253087,174592.83984375
cp,0.8,True,int8,int8,24.155739231056785,0.1034626038781163,24.70910872567724,0.1041551246537396,24.60479887264865,0.1023161109697124,3866425,371480.7859375
cp,0.8,True,int8,float8,50.29107598386643,0.0885041551246537,51.30663977329751,0.0853185595567867,50.60172660722779,0.0819546958513616,3866425,356775.728125
cp,0.8,True,int8,dynamic,15.023511864934273,0.1044321329639889,15.57052096369524,0.1041551246537396,15.577253986175627,0.1038432171035887,3866425,139031.540625
cp,0.8,True,float8,int8,23.104563059503025,0.1048476454293628,23.236397884294927,0.1047091412742382,23.377406425779316,0.1048612878595062,3866425,366162.8
cp,0.8,True,float8,float8,84.26523847923384,0.1051246537396121,88.12348386812079,0.1041551246537396,84.36851873723081,0.1043522524815474,3866425,359392.66015625
cp,0.8,True,float8,dynamic,12.04795112874039,0.1044321329639889,12.42383579085078,0.1041551246537396,12.431385523931889,0.1038432171035887,3866425,141427.03125
cp,0.8,False,int2,int8,,0.1042936288088642,,0.1041551246537396,,0.104097734792568,1331076,445584.17109375
cp,0.8,False,int2,float8,,0.1042936288088642,,0.1041551246537396,,0.104097734792568,1331076,422146.09375
cp,0.8,False,int2,dynamic,,0.1042936288088642,,0.1041551246537396,,0.104097734792568,1331076,182241.496875
cp,0.8,False,int4,int8,4.330199920531243e+20,0.1058171745152354,4.3897786893044607e+20,0.1041551246537396,4.412646113070246e+20,0.1018070755917536,2253087,431075.9765625
cp,0.8,False,int4,float8,4.112484531961196e+20,0.1036011080332409,4.2095105881695296e+20,0.0986149584487534,4.203528656002087e+20,0.098752863324001,2253087,437461.20859375
cp,0.8,False,int4,dynamic,3.4439454498502594e+20,0.1051246537396121,3.535524299192763e+20,0.1052631578947368,3.53786497741026e+20,0.102061593280733,2253087,192392.44140625
cp,0.8,False,int8,int8,43375.1669905644,0.1004155124653739,43043.83331457756,0.1008310249307479,43506.64288384449,0.1010435225248154,3866425,371303.99765625
cp,0.8,False,int8,float8,501984.0054362881,0.1024930747922437,499433.6193559557,0.1030470914127423,496692.8381426572,0.1028251463476711,3866425,359412.08984375
cp,0.8,False,int8,dynamic,2579.2552160881232,0.102770083102493,2573.5955087593056,0.1030470914127423,2521.7301908683826,0.1074064647493,3866425,133056.25078125
cp,0.8,False,float8,int8,35376.59473467798,0.0909972299168975,35544.381604916896,0.0947368421052631,35966.43543751193,0.0839908373631967,3866425,366151.45078125
cp,0.8,False,float8,float8,751568.9173216759,0.0893351800554016,291436.19192347646,0.0886426592797784,285410.21735412953,0.0824637312293204,3866425,365520.7578125
cp,0.8,False,float8,dynamic,2869.321458946503,0.0642659279778393,3000.8001864531034,0.0642659279778393,2983.1191721911587,0.057011962331382,3866425,138601.59375
cp,0.9,False,,,0.3801266594936973,0.8662049861495845,0.3165964847126165,0.8991689750692521,0.3080920152580443,0.9043013489437516,15101984,52084.428125
cp,0.9,True,,,1.7534398818610448,0.3565096952908587,1.7101783987557788,0.3645429362880886,1.6762865849444204,0.3922117587172308,15101984,36606.2046875
cp,0.9,True,int2,int8,,0.1042936288088642,,0.1041551246537396,,0.104097734792568,1355728,511495.1828125
cp,0.9,True,int2,float8,,0.1042936288088642,,0.1041551246537396,,0.104097734792568,1355728,461526.87421875
cp,0.9,True,int2,dynamic,,0.1047091412742382,,0.1041551246537396,,0.1038432171035887,1355728,177635.98671875
cp,0.9,True,int4,int8,385728246183950.8,0.1044321329639889,396873375236813.06,0.1047091412742382,397178016744695.9,0.1035886994146093,2294606,447687.8640625
cp,0.9,True,int4,float8,374872540391677.0,0.1044321329639889,387586348063601.6,0.1047091412742382,387103556023620.0,0.1035886994146093,2294606,455182.8796875
cp,0.9,True,int4,dynamic,353560983272655.06,0.1044321329639889,365519114593041.2,0.1047091412742382,365266875884960.8,0.1035886994146093,2294606,187216.66328125
cp,0.9,True,int8,int8,4851.433661378982,0.1008310249307479,4850.358501504069,0.1036011080332409,4942.578171332455,0.102061593280733,3937602,368379.37109375
cp,0.9,True,int8,float8,10233.024518481649,0.0998614958448753,10336.946590958276,0.0941828254847645,10431.918990716524,0.1000254517688979,3937602,381735.96015625
cp,0.9,True,int8,dynamic,2723.9866631589766,0.1051246537396121,2747.3248337679624,0.1052631578947368,2792.666763208573,0.102061593280733,3937602,133484.2515625
cp,0.9,True,float8,int8,1173.9362579937456,0.1009695290858725,1189.0173845032243,0.0980609418282548,1187.211164304093,0.0969712395011453,3937602,396867.9046875
cp,0.9,True,float8,float8,2349.388510106475,0.1011080332409972,2321.3215756741256,0.1052631578947368,2366.9245167395093,0.1023161109697124,3937602,382450.7265625
cp,0.9,True,float8,dynamic,367.0494760782765,0.1044321329639889,364.229622626899,0.1047091412742382,367.96965411723374,0.1035886994146093,3937602,146831.74375
cp,0.9,False,int2,int8,,0.1042936288088642,,0.1041551246537396,,0.104097734792568,1355728,450520.45
cp,0.9,False,int2,float8,,0.1042936288088642,,0.1041551246537396,,0.104097734792568,1355728,465203.2640625
cp,0.9,False,int2,dynamic,,0.1042936288088642,,0.1041551246537396,,0.104097734792568,1355728,166807.49765625
cp,0.9,False,int4,int8,1.0446432278098526e+24,0.1052631578947368,1.0553694685976669e+24,0.1052631578947368,1.0622329893756008e+24,0.1023161109697124,2294606,458614.1203125
cp,0.9,False,int4,float8,9.772050548237624e+23,0.1022160664819944,9.924320946536868e+23,0.1041551246537396,9.948018785178344e+23,0.1012980402137948,2294606,435989.47890625
cp,0.9,False,int4,dynamic,8.847208104806659e+23,0.1051246537396121,9.019312188595414e+23,0.1052631578947368,9.03032445319069e+23,0.102061593280733,2294606,174067.13515625
cp,0.9,False,int8,int8,372012.3100069252,0.099168975069252,376601.4532375346,0.0986149584487534,363070.9680898448,0.110715194706032,3937602,358422.575
cp,0.9,False,int8,float8,2988726.899168975,0.1041551246537396,3087345.4869806096,0.099168975069252,2989067.139475693,0.1007890048358361,3937602,384560.7390625
cp,0.9,False,int8,dynamic,41161.8297502597,0.102770083102493,41443.83356128809,0.1030470914127423,40360.27703256236,0.1074064647493,3937602,149814.85
cp,0.9,False,float8,int8,31288.072579423475,0.0844875346260387,31632.37061547784,0.0875346260387811,32073.557835167983,0.0839908373631967,3937602,429921.46640625
cp,0.9,False,float8,float8,215814.6057219529,0.0867036011080332,216177.96734764543,0.0941828254847645,212129.53217660348,0.0916263680325782,3937602,452267.0421875
cp,0.9,False,float8,dynamic,873.7267096606648,0.1033240997229916,910.4126656064695,0.1030470914127423,901.9033082421726,0.1063883939933825,3937602,160478.54296875
